<?xml version="1.0" encoding="utf-8"?>
<openerp>
	<data noupdate="0">
        
        <!-- Custom Clearance Role/Category -->
		<record id="module_category_custom_clearance_role" model="ir.module.category">
            <field name="name">Custom Clearance Role</field>
            <field name="sequence">12</field>
        </record>

        <!-- Clearance Manager Role -->
        <record id="group_cm" model="res.groups">
            <field name="name">Clearance Manager</field>
            <field name="category_id" ref="module_category_custom_clearance_role"/>
            <field name="implied_ids" eval="[(4,ref('base.group_user'))]"/>
        </record>

        <!-- Clearance Head Role -->
        <record id="group_ch" model="res.groups">
            <field name="name">Clearance Head</field>
            <field name="category_id" ref="module_category_custom_clearance_role"/>
            <field name="implied_ids" eval="[(4,ref('base.group_user'))]"/>
        </record>

        <!-- Clearanc Officer Role -->
        <record id="group_co" model="res.groups">
            <field name="name">Clearance Officer</field>
            <field name="category_id" ref="module_category_custom_clearance_role"/>
            <field name="implied_ids" eval="[(4,ref('base.group_user'))]"/>
        </record>

        <!-- Clearanc Supervisor Role -->
        <record id="group_cs" model="res.groups">
            <field name="name">Clearance Supervisor</field>
            <field name="category_id" ref="module_category_custom_clearance_role"/>
            <field name="implied_ids" eval="[(4,ref('base.group_user'))]"/>
        </record>
	</data>
</openerp>