id,name,model_id:id,group_id:id,perm_read,perm_write,perm_create,perm_unlink

acess_clearance_requisition_cm,acess.clearance.requisition.cm,model_clearance_requisition,group_cm,1,1,1,0
acess_clearance_requisition_ch,acess.clearance.requisition.ch,model_clearance_requisition,group_ch,1,1,0,0
acess_clearance_requisition_co,acess.clearance.requisition.co,model_clearance_requisition,group_co,1,1,0,0
acess_clearance_requisition_cs,acess.clearance.requisition.cs,model_clearance_requisition,group_cs,1,1,0,0


acess_clearance_requisition_line_cm,acess.clearance.requisition.line.cm,model_clearance_requisition_line,group_cm,1,1,1,0
acess_clearance_requisition_line_ch,acess.clearance.requisition.line.ch,model_clearance_requisition_line,group_ch,1,1,0,0
acess_clearance_requisition_line_co,acess.clearance.requisition.line.co,model_clearance_requisition_line,group_co,1,1,0,0
acess_clearance_requisition_line_cs,acess.clearance.requisition.line.cs,model_clearance_requisition_line,group_cs,1,1,0,0

acess_clearance_stage_cm,acess.clearance.stage.cm,model_clearance_stage,group_cm,1,1,0,0
acess_clearance_stage_ch,acess.clearance.stage.ch,model_clearance_stage,group_ch,1,1,0,0
acess_clearance_stage_co,acess.clearance.stage.co,model_clearance_stage,group_co,1,1,0,0
acess_clearance_stage_cs,acess.clearance.stage.cs,model_clearance_stage,group_cs,1,1,1,0

acess_clearance_place_cm,acess.clearance.place.cm,model_clearance_place,group_cm,1,1,1,0
acess_clearance_place_ch,acess.clearance.place.ch,model_clearance_place,group_ch,1,1,0,0
acess_clearance_place_co,acess.clearance.place.co,model_clearance_place,group_co,1,1,0,0
acess_clearance_place_cs,acess.clearance.place.cs,model_clearance_place,group_cs,1,0,0,0




acess_clearance_invoice_cm,acess.clearance.invoice.cm,model_clearance_invoices,group_cm,1,1,1,1
acess_clearance_invoice_ch,acess.clearance.invoice.ch,model_clearance_invoices,group_ch,1,1,0,0
acess_clearance_invoice_co,acess.clearance.invoice.co,model_clearance_invoices,group_co,1,1,1,1
acess_clearance_invoice_cs,acess.clearance.invoice.cs,model_clearance_invoices,group_cs,1,1,1,0


acess_clearance_config_cm,acess.clearance.config.cm,model_account_config,group_cm,1,1,0,0
acess_clearance_config_ch,acess.clearance.config.ch,model_account_config,group_ch,1,1,0,0
acess_clearance_config_co,acess.clearance.config.co,model_account_config,group_co,1,1,0,0
acess_clearance_config_cs,acess.clearance.config.cs,model_account_config,group_cs,1,0,0,0
