<?xml version="1.0" encoding="UTF-8"?>
<openerp>
    <data noupdate="1">

        <!-- notify all employees of module installation -->
        <record model="mail.message" id="module_install_notification">
            <field name="model">mail.channel</field>
            <field name="res_id" ref="mail.channel_all_employees"/>
            <field name="message_type">notification</field>
            <field name="subtype_id" ref="mail.mt_comment"/>
            <field name="subject">eInvoicing &amp; Payments application installed!</field>
            <field name="body"><![CDATA[<p>Odoo's electronic .</p>]]></field>
        </record>

        <!-- Clearance-related subtypes for messaging / Chatter -->
        <record id="mt_clearance_state_change" model="mail.message.subtype">
            <field name="name">Status Change</field>
            <field name="res_model">clearance.requisition</field>
            <field name="default" eval="False"/>
            <field name="description">Status changed</field>
        </record>

    </data>
</openerp>
